Query	time	cardinality
Q1	2.5460360050	11570
Q2	205.1047139168	14
Q3	0.9061460495	3495
Q4	0.5754308701	495
Q5	1.1779479980	5306
Q6	0.7278711796	1652
Q7	0.5004930496	10
Q8	0.6733889580	1182
Q9	1.0980470181	2867
Q10	0.4758589268	25
Q11	0.5906879902	12