Query	time	cardinality
Q1	2.6147680283	11570
Q2	207.0854370594	14
Q3	0.8856339455	3495
Q4	0.5465741158	495
Q5	1.1256470680	5306
Q6	0.7208609581	1652
Q7	0.5219779015	10
Q8	0.6757421494	1182
Q9	1.0536170006	2867
Q10	0.4783110619	25
Q11	0.5900700092	12