query	time	cardinality
Q1.sparql	2.6147680283	11570
Q10.sparql	207.0854370594	14
Q11.sparql	203.4147069454	16
Q2.sparql	29.9056839943	119976
Q3.sparql	227.4650039673	53
Q4.sparql	199.9718351364	17
Q5.sparql	1.0488431454	53
Q6.sparql	196.1418941021	14
Q7.sparql	0.4201898575	0
Q8.sparql	0.4041769505	0
Q9.sparql	0.4145090580	0
