query	time	cardinality
q17.rq	0.8984849453	3495
q18.rq	0.5412759781	495
q19.rq	1.1779479980	5306
q20.rq	0.7278711796	1652
q23.rq	0.5004930496	10
q25.rq	0.6733889580	1182
q26.rq	1.0980470181	2867
q28.rq	0.4758589268	25
q30.rq	0.5906879902	12
