query	time	cardinality
Q1.sparql	2.7189669609	11570
Q10.sparql	343.6404709816	14
Q11.sparql	206.3455369473	15
Q2.sparql	31.2973937988	119976
Q3.sparql	226.3967959881	53
Q4.sparql	209.2485580444	16
Q5.sparql	0.9657390118	53
Q6.sparql	201.3773448467	14
Q7.sparql	0.4090640545	0
Q8.sparql	0.4121789932	0
Q9.sparql	0.4087729454	0
q17.rq	0.8968489170	3495
q18.rq	0.5482711792	495