query	time	cardinality
Q1.sparql	2.5460360050	11570
Q10.sparql	205.1047139168	14
Q11.sparql	195.2508430481	16
Q2.sparql	32.1128060818	119976
Q3.sparql	238.7348339558	53
Q4.sparql	196.5312120914	16
Q5.sparql	1.1780540943	53
Q6.sparql	203.0436139107	19
Q7.sparql	0.4050729275	0
Q8.sparql	0.4046771526	0
Q9.sparql	0.4107849598	0
q17.rq	0.9061460495	3495
q18.rq	0.5754308701	495